{"successful_requests": 100, "slowest": 0.381847315999039, "fastest": 0.21079338299932715, "total_time": 2.872726117999264, "requests_per_minute": 2089, "requests_per_second": 35}